number,name,address
9.17357E+11,Dhairya,A-703
9.17357E+11,Dhairya,A-704
9.17357E+11,Dhairya,A-705
9.17357E+11,Dhairya,A-706
9.17357E+11,Dhairya,A-707
9.17357E+11,Dhairya,A-708
9.17357E+11,Dhairya,A-709
9.17357E+11,Dhairya,A-710
9.17357E+11,Dhairya,A-711
9.17357E+11,Dhairya,A-712
